First Name,Last Name,Dept.,Title,Direct Line,Extension,Mobile,Email,Location / Time Zone
Ben,Reinberg,Corporate,CEO,847-317-0077,101,847-845-2326,breinberg@alliancecgc.com,CA / Pacific
Griselda,Tellez,Property MGMT,Dir. of Property & Asset Management,847-317-1573,102,773-213-7878,gtellez@alliancecgc.com,Chicago / Central
Aldo,Giacinti,Investor Relations,Investor Relations Assistant,847-393-4201,104,,agiantini@alliancecgc.com,Mexico / Central
Josue,Ruvalcaba,Property MGMT,Assistant Property Manager,847-318-3750,107,,pm@alliancecgc.com,Mexico / Central
Erika,Ponce,Property MGMT,Assistant Property Manager,847-236-5353,109,,pm2@alliancecgc.com,Mexico / Central
David,Meilan,Investor Relations,Investor Relations Manager,847-318-3303,110,925-303-5524,dmeilan@alliancecgc.com,Nevada / CST
Colin,Verlac,Acquisitions,"Director of Acquisitions, Medical",847-385-3266,111,989-305-0553,cverlac@alliancecgc.com,MI / Eastern
Karen,Storc,Corporate,Office Manager,847-631-5317,114,949-239-3404,kstorc@alliancecgc.com,CA / Pacific
Carlos,Pedroza,Acquisitions,"Acquisitions Assistant, Medical",847-984-0922,115,,aqc@alliancecgc.com,Mexico / Central
Vignesh,Natarajan,Property MGMT,Property Accountant,847-610-9410,120,,paccoutning@alliancecgc.com,India
Gokulraj,Narasimman,Property MGMT,Property Accountant,847-354-4228,121,,paccounting2@alliancecgc.com,India
Durga,Muralidharan,Property MGMT,Property Accountant,847-385-3353,122,,paccounting3@alliancecgc.com,India
Karla,Arellano,Corporate,Executive Personal Assistant,847-637-5160,124,,va@alliancecgc.com,Mexico / Central
Alejandra,Basurto,Acquisitions,"Acquisitions Assistant, Multifamily",847-954-7795,125,,abasurto@alliancecgc.com,Mexico / Central
Jackson,Matasosky,Investor Relations,Investor Relations Associate,847-610-7174,126,952-687-1870,jmatasosky@alliancecgc.com,FL / EST
Ryan,Smyth,Acquisitions,"Director of Acquisitions, Multifamily",847-637-8868,128,304-290-9802,mh@alliancecgc.com,FL / EST
Austin,Brooker,Acquisitions,"Director of Acquisitions, Medical",847-834-6988,129,515-480-5061,abrooker@alliancecgc.com,AZ / MST
Tommy,Rincon,Investor Relations,Senior Vice President of Investor Relations,847-874-5350,130,305-546-0201,jtrincon@alliancecgc.com,FL / EST
